场景编号,图片名称,说话人,说话人头像,文本,是否选择,按键1文本,按键1数值,按键1下一场景编号,按键2文本,按键2数值,按键2下一场景编号,是否接过场,注释
sceneID,imageName,speaker,avatar,text,hasChoice,buttonText1,result1,nextID1,buttonText2,result2,nextID2,isSceneOver,comment
int,str,str,str,str,bool,str,dict,int,str,dict,int,bool,str
1000,登基,,,第一章——万历即位,0,,,1001,,,,0,Chap 0
1001,早朝,张居正,张居正,亲爱的玩家您好，我是内阁大学士张居正。欢迎体验历史教育文字冒险游戏《万折必东》。,0,,,1002,,,,0,
1002,早朝,张居正,张居正,在这款严肃游戏中，您将成为明朝的一位传奇皇帝——万历皇帝，亲历他的成长，通过上朝和批阅奏章两个主要活动形式，参与朝廷决策。,0,,,1099,,,,0,
1099,早朝,张居正,张居正,这些决策将影响税收、军事、内阁集权程度、皇帝声望四个数值，由此使万历皇帝和明王朝导向若干不同的结局。,0,,,1003,,,,0,
1003,早朝,张居正,张居正,接下来，让我们先来体验一下简单的选择吧！,0,,,1101,,,,0,
1101,早朝,张居正,张居正,依照惯例，在新君正式即位之前，都要由群臣轮番上表劝进。其一，以示对先帝的深深悼念之情。其二，表示新君有君德，顺民心，合舆情。,0,,,1102,,,,0,Chap 1
1102,早朝,大臣,大臣1,先皇驾崩，请太子殿下不要过分沉溺于哀伤之情，应当立即继承大统，以安四方。,1,继位,"{""SW"":-3}",1103,推辞,"{""SW"":2}",1105,0,
1103,早朝,万历,万历,诸位爱卿说得对，国不可一日无君，我应以社稷为重。礼部即日开始筹备，择日举行登基大典。,0,,,1104,,,,0,
1104,早朝,大臣,大臣1,（小皇帝在皇位面前如此急功近利，有失对先皇的尊敬，怕是难当大任啊！）,0,,,1110,,,,0,
1105,早朝,万历,万历,从诸位爱卿的上表中，我看到了各位的如此忧国之心。但我哀痛万分，无心急于继位之事。,0,,,1106,,,,0,
1106,早朝,大臣,大臣2,神器不可以无主，天位岂容于久虚。恳请皇太子殿下早临大位！,1,继位,"{""SW"":-1}",1103,推辞,"{""SW"":1}",1107,0,
1107,早朝,万历,万历,各位大臣心念国家大计，言语恳切，我由此更加感到哀痛，岂能速登皇位。,0,,,1108,,,,0,
1108,早朝,大臣,大臣3,还请太子殿下以社稷为重，勿再推辞！,0,,,1109,,,,0,
1109,早朝,万历,万历,诸爱卿合词陈请，至再至三，我已经感受到了你们的爱国与诚恳。皇位如此重要，确实不能空虚。何况有先帝遗诏在身，我不敢再作谦逊，就勉强听从诸位爱卿的建议，继承皇位，举行登基大典。,0,,,1110,,,,0,
1110,早朝,,,礼部奉命进呈登极礼仪，筹备登极的各项工作开始紧锣密鼓地进行。,0,,,1111,,,,0,
1111,早朝,张居正,张居正,在这里，如果皇帝不按照即位传统来推辞几次，会有损在臣民心目中的作为礼仪和道德标杆的形象，降低自己的声望。,0,,,1112,,,,0,
1112,早朝,张居正,张居正,声望过低会导致臣民拥护亲王，发起政变。税收、军事、内阁集权度三个属性也会影响结局，其中每个决策或多或少都会有所权重。历史的车轮不能倒退，还请陛下谨慎决策。,0,,,1113,,,,1,声望范围22-28
1113,登基,登基大典,,朝廷颁布即位诏书，实行大赦，减轻赋役，宣布转年即为万历元年。,0,,,1201,,,,1,登基大典
1201,书房冯保,冯保,冯保,陛下您好~奴才是秉笔太监冯保，所谓秉笔的主要工作辅佐您批阅奏章，奴才从您成为太子之时就开始照顾您的起居了，这宫里宫外哟，有什么不明白的啊，只管来问奴才~,0,,,1299,,,,0,场景1-2，奏章教程
1299,书房冯保,冯保,冯保,温馨提示~如果文字较长，对话框未能显示完全，可以上划这个对话框，比如下面这条~,0,,,1202,,,,0,
1202,书房冯保,冯保,冯保,陛下，这些是您今天需要批复的奏章。上朝和批奏章是作为一个皇帝每日的主要工作。需要批复的文件包括政府重要文书和官员奏章，其中奏章往往是官员对他们本职工作以外的政事的一些看法和建议，例如兵部上奏谈户部举措的不满等。,0,,,1203,,,,0,
1203,书房冯保,冯保,冯保,也许很多政事和措施您还不太熟悉，但文渊阁的大学士们已经用黑笔拟定了一份批复之辞，除了几本由您亲自用红笔描写批复外，剩下的经过您的允许我将使用红笔按照您的意见描写批复文书奏章。,0,,,1298,,,,0,
1298,书房冯保,冯保,冯保,比如下面这个，“如拟”表示赞同奏章，采取措施，“知道了”就表示您不同意奏折观点不准备采取行动。,0,,,11201,,,,1,
1301,冯保幕僚,,,冯保的幕僚向他描述了文渊阁首辅高拱在先皇托孤时的言行后，冯保前去禀报皇帝。,0,,,1302,,,,0,场景1-3，搞高拱
1302,冯保幕僚,冯保,冯保,高公公在先皇去世时候讲，十岁小孩哪能当皇帝呀。他这是质疑您是否胜任皇位！,1,信任冯保，禀报太后,"{""SW"":-1}",1305,质疑冯保，要求举证,"{""SW"":1}",1399,0,
1399,冯保幕僚,万历,万历,高公公贵为文渊阁首辅，怎会有如此蔑视朕的言论？可有人证物证？,0,,,1303,,,,0,
1303,冯保幕僚,冯保的幕僚,大臣4,隆庆皇帝病死的时候，高拱在内阁里，一边失声痛哭，一边为国家的前途担忧，为年幼的皇太子感到焦虑，无意中脱口而出，说了一句： “十岁太子，如何治天下？”,0,,,1304,,,,0,
1304,冯保幕僚,,,确凿的证据使你信服，高拱认为你不具有治世之才,0,,,1305,,,,0,
1305,冯保幕僚,,,年幼的你生气得立刻跳起来，连连拍着桌子,0,,,1306,,,,0,
1306,冯保幕僚,万历,万历,高拱为何如此放肆，不把朕放在眼里！我要去禀报母后！起驾！,0,,,1307,,,,1,
1307,皇帝与太后,万历,万历,母后，高公公￥%&我￥%&皇帝￥%&（又急又气的万历已经话都说不清了）,0,,,1308,,,,0,
1308,皇帝与太后,太后,李太后年轻,孩儿，你慢点说，高公公怎么了？,0,,,1309,,,,0,
1309,皇帝与太后,万历,万历,母后，高公公￥%&我￥%&皇帝￥%&,0,,,1310,,,,0,
1310,皇帝与太后,太后,李太后年轻,。。。御膳房请不要再进膳热豆腐了。,0,,,1311,,,,0,
1311,皇帝与太后,冯保,冯保,高公公讲，皇上是个不满十岁的小·孩，怎·么·能·当·皇·帝？,0,,,1312,,,,0,
1312,皇帝与太后,万历,万历,对！就是大伴这样说的！,0,,,1398,,,,0,
1398,皇帝与太后,,,此时太后眉头突然紧锁，让你也感到气氛有些紧张,0,,,1313,,,,1,
1313,整治高拱,,,次日上朝······,0,,,1314,,,,0,
1314,整治高拱,太监,普通太监,招文渊阁首辅高拱觐见！,0,,,1315,,,,0,
1315,整治高拱,高拱,内阁大官,啊，皇帝终于要当朝回复他对我弹劾冯保一众太监专权的奏章了！皇上圣明，皇上圣明啊！,0,,,1316,,,,0,
1316,整治高拱,万历,万历,先帝去世前，嘱托内阁三位大臣要齐心协力辅佐太子，但今大学士高拱专权擅政，把朝廷之事都强夺自专，不许皇帝主管，不知他究竟要做什么！ 我母子三人为此日夜惊惧不宁。高拱必须立即罢官，回籍闲住，不许停留！,0,,,1317,,,,0,
1317,整治高拱,高拱,内阁大官,（发抖着叩头谢罪）臣遵旨，臣遵旨······,0,,,1318,,,,0,
1318,整治高拱,张居正,张居正,高拱历事三朝，只是议论侃直，未有大错，立即罢斥，亦非先帝所托之意！,0,,,1319,,,,0,
1319,整治高拱,万历,万历,呵。,0,,,1320,,,,0,
1320,整治高拱,张居正,张居正,唉，首辅多保重啊。（张居正面露同情，搀扶着高拱出宫门）,0,,,1321,,,,0,
1321,整治高拱,,,高拱由于“不许停留”一旨，行李还未收拾好就急忙出城赶回了老家，郁郁而终。张居正成为了新任内阁首辅。,0,,,2000,,,,1,声望范围21-29
2000,书房张居正,,,第二章——张居正改革,0,,,2101,,,,0,Chap 2 还没插答题
2101,知府与通判,,,通判清点田税，请示知府,0,,,2102,,,,0,
2102,知府与通判,通判,大臣5,大人，今年天旱，不光是咱们，附近几个州府收成都不好,0,,,2103,,,,0,
2103,知府与通判,知府,大臣1,知道了，吩咐下去，让底下的知县万万不可为难百姓,0,,,2104,,,,0,
2104,知府与通判,通判,大臣5,可今年这田税只收了不足原先的六成，上头要是怪罪下来......,0,,,2105,,,,0,
2105,知府与通判,知府,大臣1,这倒不必担心，户部派下来的人好吃好喝伺候着，糊弄糊弄也就过去了,0,,,2106,,,,1,
2106,尚书与郎中,,,吏部尚书召见清吏司郎中,0,,,2107,,,,0,
2107,尚书与郎中,尚书,大臣2,前些日子有监察御史上奏，淮安府知府和当地的地主豪强串通一气，隐瞒土地，贪污税款，确有此事？,0,,,2108,,,,0,
2108,尚书与郎中,清吏司郎中,大臣4,已经派人去查了，一有消息就会立刻传回吏部,0,,,2109,,,,0,
2109,尚书与郎中,尚书,大臣2,半年都过去了，查一个知府都查不出来？,0,,,2110,,,,0,
2110,尚书与郎中,清吏司郎中,大臣4,大人您有所不知，这当地的情况，大多百姓已经把地卖给了地主，要是离了靠山，一时半会没有地种，日子也过不下去啊，所以这一查，牵一发而动全身啊......,0,,,2111,,,,0,
2111,尚书与郎中,尚书,大臣2,也罢，就先搁下吧，过个十天半月皇上自然就不记得这回事了,0,,,2112,,,,1,
2112,文官早朝,,,北蛮王子与董长昂数次谋划进犯边关，被戚继光总兵击退，并活捉董长昂的叔父。蓟州防备固若金汤，北蛮屡战屡败，转而进犯辽东,0,,,2113,,,,0,
2113,文官早朝,御史刘台,大臣5,李成梁总兵骁勇善战，指挥有方，在辽东大败蒙古精骑，斩敌军首级过千，特向皇上奏表献捷,0,,,2114,,,,0,
2114,文官早朝,万历,万历,按照本朝规定，只有当地巡抚才有权报捷，兵部立刻去查查是不是有蹊跷,0,,,2115,,,,0,
2115,文官早朝,兵部,大臣3,战后百废待兴，李成梁总兵积劳成疾，卧病在床，张学颜巡抚忙于处理事务，刘台御史就先行代劳奏捷了，下不为例,0,,,2200,,,,1,
2200,书房冯保,冯保,冯保,陛下，这些是您今天需要批复的奏章。,0,,,12001,,,,1,
2201,收粮,,,张居正首辅声明考成法，每月检查为“考”，每年检查为“稽”，对官员业绩进行考评，保证工作都能落到实处,0,,,2202,,,,0,
2202,收粮,,,山东济南府知府向户部上交收到的赋税,0,,,2203,,,,0,
2203,收粮,知府,大臣1,大人，今年好多人又卖了地，按照原先的图册查实在是查不清，收了八成八，您看能不能通融一下......,0,,,2204,,,,0,
2204,收粮,户部官员,大臣4,这......我也实在是不好办啊，首辅大人三令五申，规定就是规定，要是不具实上报，我交不了差啊,0,,,2205,,,,0,
2205,收粮,知府,大臣1,大人，您就网开一面吧,0,,,2206,,,,0,
2206,收粮,户部官员,大臣4,首辅大人的脾气你也知道，各州府都是这么过来的，不合格就是不合格,0,,,2207,,,,0,
2207,收粮,,,年终考察结束之后，不合格的知府全部被贬为知县,0,,"{""SS"":10,""NG"":5}",2208,,,,1,
2208,书房冯保,冯保,冯保,陛下，这些是您今天需要批复的奏章。,0,,,12005,,,,1,
2209,张居正哭诉,冯保,冯保,文渊阁首辅张居正请求觐见，大概和他近日受到一些流言的困扰有关,0,,,2200,,,,0,
2200,张居正哭诉,张居正,张居正,皇上，这几年臣肃清吏治，考察官员，若是做不到一碗水端平，怎么能服众？按规定御史无权报捷，但辽东的情况也不是不能理解，所以臣就象征性只是罚了些俸银堵住悠悠众口，没有降刘台的职，谁知道他却因此记恨，编造这些事情诬陷我......,0,,,2210,,,,0,
2210,张居正哭诉,万历,万历,先生快起，朕必定差锦衣卫严查......,0,,,2211,,,,0,
2211,张居正哭诉,张居正,张居正,臣知道自己这些年因为整改陋习，督促官员办实事得罪了不少人，他们怀恨在心也不是不能理解，这些委屈臣都能承受，可这世上哪有学生弹劾老师的道理啊......,0,,,2212,,,,0,
2212,张居正哭诉,万历,万历,先生不必如此难过，快起来......,0,,,2213,,,,0,
2213,张居正哭诉,张居正,张居正,刘台是个人才，他这么记恨我，一定是因为我无能，办事不利，所以陛下，臣恳请告老还乡,1,相信张居正,"{""NG"":5}",2214,怀疑张居正,"{""NG"":-5}",2299,0," ss26-30, ng70-85, sw13-38"
2214,张居正哭诉,万历,万历,先生何必如此在意这些风言风语呢，能惠及民生，流言定然不攻自破,0,,,2215,,,,1,
2299,张居正哭诉,万历,万历,先生何必如此在意这些风言风语呢，能惠及民生，流言定然不攻自破（秘密指派锦衣卫同时调查张居正）,0,,,2215,,,,1,
2215,书房锦衣卫,冯保,冯保,前去调查张居正的锦衣卫请求觐见,0,,,2216,,,,0,
2216,书房锦衣卫,锦衣卫,锦衣卫,皇上，张居正首辅大人多次上书请辞，执意离开，已经多日没有前往内阁工作了。,0,,,2217,,,,0,
2217,书房锦衣卫,万历,万历,其他事查得怎么样？,0,,,2218,,,,0,
2218,书房锦衣卫,锦衣卫,锦衣卫,皇上，您先前命我们去查首辅大人和御史刘台，卑职发现刘台和傅应祯交情颇深,0,,,2219,,,,0,
2219,书房锦衣卫,万历,万历,傅应祯？,0,,,2220,,,,0,
2220,书房锦衣卫,锦衣卫,锦衣卫,"先前傅应祯对皇上您出言不逊，说您愧对老祖宗的基业，首辅大人十分生气，就命人廷杖了他，如今看来，刘台和傅应祯先后弹劾首辅大人，一定是有人主使，想用舆论攻击首辅大人",1,惩罚刘台挽留张居正,"{""NG"":5}",2221,搁置不管,"{""NG"":-5}",2222,1," ss26-30, ng65-90, sw13-38"
2221,书房锦衣卫,万历,万历,张居正的政策一向颇有成效，刘台结党营私，诋毁首辅，当以僭越之罪论处！,0,,,2300,,,,,
2222,书房锦衣卫,万历,万历,这是他们之间的私人恩怨，朕就不管了,0,,,2300,,,,,
2300,农民,,,在一处农田上······,0,,,2301,,,,0,
2301,农民,农民甲,农民1,地都卖给别人了，凭什么还要让咱们交税啊,0,,,2302,,,,0,（两个农民坐在田边叹气）
2302,农民,农民乙,农民2,是啊，累死累活就挣这些粮过日子，还要交上去，这日子还怎么过,0,,,2303,,,,0,
2303,农民,农民甲,农民1,有钱人是越来越有钱，可穷人呢？吃饱肚子都难,0,,,2304,,,,1,
2304,书房张居正,张居正,张居正,上次丈量田亩至今已经过了很多年，如今天下多处土田和在册的记录相比已经颇为混乱了。现在土地兼并之风盛行，地主雇佣小农耕种，但因为登记不及时，地主手握大量土地却能偷税漏税，贫农没有土地反倒要承担赋税，实在是苦不堪言。,1,提出重新丈量土地,"{""SW"":1}",2305,询问张居正的意见,,2398,0,（万历皇帝在查看书屏上的疆域图，张居正站在他身边）
2305,书房张居正,万历,万历,那不如安排各地重新丈量？,0,,,2306,,,,0,
2306,书房张居正,张居正,张居正,也不是那么容易的事，前朝也曾想要丈量田亩，但丈量方法商定不下来，再加上地主豪强在各地方的势力强大，时常能从中运作，丈量计划就一直搁置了。,0,,,2307,,,,0,
2307,书房张居正,万历,万历,丈量田亩要消耗大量人力物力，如果不能详实记录，也是浪费时间。,0,,,2308,,,,0,
2308,书房张居正,张居正,张居正,没错，但问题总是要解决的，臣觉得可以简化丈量方法，全国范围立刻施行显然有困难，不如先从南方开始，南方田粮不均的现象最为严重，把南方的问题解决了，其他地区也就容易得多。,0,,,2309,,,,0,
2398,书房张居正,万历,万历,那先生有何高见？,0,,,2399,,,,0,
2399,书房张居正,张居正,张居正,臣认为重新丈量土地势在必行。虽然丈量充满了各方地主、官员势力的障碍，但问题总是要解决的，臣觉得可以简化丈量方法，全国范围立刻施行显然有困难，不如先从南方开始，南方田粮不均的现象最为严重，把南方的问题解决了，其他地区也就容易得多。,0,,,2309,,,,0,
2309,书房张居正,万历,万历,先生说得有理，便先从福建开始吧，交由当地抚按官处理，具实上报结果。,0,,,2310,,,,1,
2399,书房张居正,万历,万历,先生说得有理，便先从山东开始吧，交由当地抚按官处理，具实上报结果。,0,,,2310,,,,1,
2310,行贿,,,某地官府······,0,,,2311,,,,0,
2311,行贿,地主,富商,丈量的事就有劳官爷了,0,,,2312,,,,0,地主贿赂测量土地的官员）
2312,行贿,官员,大臣1,好说，你在西边新拓的那二十亩就按照荒地登记了。但最近几天上头要来人查，你自己多留心,,,,2313,,,,0,
2313,行贿,地主,富商,辛苦官爷，改日一定登门道谢,0,,,2314,,,,1,
2314,书房冯保,冯保,冯保,陛下，这些是您今天需要批复的奏章。,0,,,12007,,,,1,
2401,两个太后,万历,万历,昨天首辅张先生老家传来讣闻，他奏请暂离职位，回乡守丧，但这时候先生要离开三年，朝中事务缺少协助，儿臣实在是惶恐,0,,,2402,,,,,（万历皇帝和陈、李两位太后坐在慈宁宫内，冯保在一边服侍）
2402,两个太后,李太后,李太后年轻,确啊，皇上尚且年幼，张居正首辅这时候离开，要找个值得信赖的人顶替他，着实有些困难。冯保大伴虽然忠心耿耿，也颇有才学智慧，但碍于身份，也不便帮皇帝料理事务，还是想法子挽留一下张居正首辅吧,0,,,2403,,,,0,
2403,两个太后,陈太后,陈太后,但回乡丁忧是四书五经里孝道最基本的要求，按理说，首辅先生应当以身作则，若是强留，恐怕堵不住悠悠众口,0,,,2404,,,,0,
2404,两个太后,李太后,李太后年轻,也是，若是因为张先生的事让百官对他的品行议论纷纷，甚至传到民间，不光是影响张先生自己的名声和微信，怕也有损皇上的圣名啊,0,,,2405,,,,0,
2405,两个太后,冯保,冯保,太后娘娘，皇上，前朝也不是没有“夺情视事”的先例，让重臣不必回乡守孝，着丧服留在朝廷任职。如今皇上年幼众人皆知，张居正首辅推行考成之法整顿风气，百姓也是交口称赞，所以留下张先生对朝廷而言反倒是件幸事，天下人恐怕还会赞誉张先生的气度,0,,,2406,,,,0,
2406,两个太后,李太后,李太后年轻,"若是如此，皇上不如先在明日张先生奏本提及此事的时候下诏挽留，探探群臣的口风",0,,,2407,,,,0,
2407,两个太后,万历,万历,儿臣也正有此意，若是能留下张先生再好不过,0,,,2400,,,,1,
2400,文官早朝,,,次日早朝,0,,,2408,,,,0,
2408,文官早朝,张居正,张居正,皇上，老父病逝，臣恳请回乡守孝。,0,,,2409,,,,0,
2409,文官早朝,内阁学士张四维,内阁大官,皇上，正值新旧交替政令更迭的时候，以考成法矫正不良之风也已经进入了关键阶段，张居正首辅历经三年才慢慢让新制度建立起威信，让各项事务走上正轨，那些试图投机取巧，食人俸禄却不愿务实办事的人因为畏惧皇上和首辅大人也收敛了不少，若是首辅大人现在回乡守孝，三年之间，恐怕这些人要有恃无恐，再生事端啊。臣恳请皇上和首辅大人为朝廷和天下大义考虑。,0,,,2410,,,,0,
2410,文官早朝,内阁学士吕调阳,大臣2,内阁事务繁多，且阁臣大都是能人，无论是威信还是才学，各个朝中顶尖，可也正因如此，想找一个像张居正首辅大人一样能服众的，实属难上加难，此时若是首辅大人离任，恐怕内阁之中无人能担统领大任，无论是对朝廷还是对整个江山社稷而言，都不是件好事啊。,0,,,2411,,,,0,
2411,文官早朝,万历,万历,确实如此，可孝道是伦理纲常之本，朕也不能强人所难。,0,,,2412,,,,0,
2412,文官早朝,户部李幼孜,大臣1,皇上，宣德、成化年间都有大学士服丧期间留朝任职、夺情视事的先例，张居正首辅大人为朝中之事殚精竭虑，若是没有他的才智和经验，恐怕臣等行事效率也要大打折扣。臣恳请皇上以社稷为先，委屈首辅大人以朝政为重继续任职吧，朝中百官和天下百姓必将对皇上您和首辅大人的牺牲感恩戴德。,0,,,2413,,,,0,
2413,文官早朝,刑部艾穆,大臣4,首辅大人父子异地相隔，已经十九年未见过面，如今老父长逝与千里之外，已经是天人永隔，首辅大人身兼重任，位高权重，天下都看着他，所以臣觉得，他更应该先保证自己品行端正，才能服众啊。,0,,,2414,,,,0," ss28-50, ng65-90, sw8-48"
2414,文官早朝,刑部沈思孝,大臣5,皇上您想为了社稷安稳留下首辅大人，但您可曾想过，对江山社稷而言最重要的就是伦理纲常，内阁首辅更应该成为其他人的表率，若是连他都不顾伦理纲常，哪里还有社稷安稳可言呢？虽然不是没有夺情起复的先例，但事关自古以来伦理纲常的权威性，恳请皇上您让首辅大人回乡守丧，这才是为成就他的名节，保证朝廷正常运作考虑啊,1,留张居正继续任职，“夺情视事”,"{""NG"":5,""SW"":-5}",2415,准许张居正回乡,"{""NG"":-100,""SW"":2}",2416,0,"放走就死了 ss28-50, ng70-95, sw3-43"
2415,文官早朝,万历,万历,朝中之事离不开张先生，还请先生以大局为重,0,,,2417,,,,0,
2416,文官早朝,万历,万历,张先生一片孝心，朕也不好强人所难,0,,,2499,,,,0,
2499,文官早朝,,,张居正回乡守孝，文渊阁顿时群龙无首,0,,,2417,,,,1,
2417,五直臣传单,,,吴中行等人弹劾张居正首辅，指责皇上年幼无知，纵容佞臣。且近日出现彗星，城中皆言张居正首辅不孝之行触怒上天，更有百姓公开张贴告示，称吴中行等弹劾张居正之人“五直臣”。,0,,,2418,,,,1,
2418,争执,,,王锡爵前去劝说张居正，张居正怒不可遏,0,,,2419,,,,0,
2419,争执,王锡爵,大臣7,你这样做就不怕遭报应吗,0,,,2420,,,,0,
2420,争执,张居正,张居正,皇上要留我，你们要赶我走，到底想要我怎么样？ ,0,,,2421,,,,0,
2421,争执,王锡爵,大臣7,我们也没有这个意思......,0,,,2422,,,,0,
2422,争执,张居正,张居正,你们干脆杀了我啊！杀了我你们就满意了是吧！,0,,,2423,,,,0,
2423,争执,王锡爵,大臣7,张大人你先冷静......我这就走，这就走......,0,,,2501,,,,1,
2501,税收仓库,,,按照各地不同的情况，除了粮食以外，赋税可以用棉花、水果、丝绸、药材等特产折算，折算比例各异，从中捞油水的地方长官不计其数。此外，有些东西不便运输保存，也不能直接分发给官员和军队，上到朝廷官员下到百姓都深受其害。,0,,,2502,,,,0,
2502,江南和江北,,,江南地区已经有大量百姓选择从商，集市热闹繁华，商品玲琅满目；然而江北地区的百姓依然是以务农为生，男耕女织，自给自足,0,,,2598,,,,0,
2598,书房张居正,冯保,冯保,陛下，首辅张居正求见,0,,,2599,,,,0,
2599,书房张居正,万历,万历,让他进来吧，我看到税收的报告也正想和他聊聊,0,,,2503,,,,0,
2503,书房张居正,张居正,张居正,陛下，赋税折算名目繁多，原本是为了照顾百姓，可实际情况却是让地方官中饱私囊，臣觉得，可以施行嘉靖末年就提过的条鞭之法，将赋税统一折算成银钱，既方便朝廷收取，也让地方官不能从中作梗,1,同意，统一赋税,"{""SS"":10, ""SW"":10}",2504,知道了，日后再议,"{""SW"":-5}",2505,0,"ss28-60, ng70-95, sw0-53"
2504,书房张居正,万历,万历,“一条鞭法”，是个好办法，就这么办。你将详细的规定整理好上奏，我诏告天下施行“一条鞭法”，统一赋税！,0,,,2601,,,,1,
2505,书房张居正,万历,万历,嘉靖之年未能将这个办法付诸实践，一定是因为有它的问题。你回去再想想别的办法吧,0,,,2601,,,,1,
2601,文官早朝,,,按照本朝传统，皇帝定期要在在文华殿参与日讲，文渊阁大学士为皇帝讲解儒家经典。让我们来检测一下学习的成果吧！,0,,,20001,,,,1,接答题
2602,文官早朝,张居正,张居正,今日的日讲结束了，陛下不仅对大学士所讲的内容没有半点倦意，还结合当今形势提出了自己的想法，真是一代贤帝啊！此乃天下之幸！,0,,,3000,,,,1,
3000,文官早朝,,,第三章——倒张运动,0,,,3001,,,,0,Chap 3
3001,文官早朝,,,恭妃王氏为万历诞下一子，名为常洛，册封为皇长子。举国欢庆之际，元辅张居正溘然长逝。,0,,,3002,,,,0,"ss28-60, ng70-95, sw0-?"
3002,文官早朝,,,随着万历自认为明察秋毫，下达了一道诏书，指出丈量土地中的虚报争功现象，批判主张丈量土地的张居正的声音开始出现，反张运动由此揭开序幕，指责张居正生前卖官鬻爵、结党营私等的舆论接踵而至。,0,,,3003,,,,0,
3003,文官早朝,群臣,大臣1,张居正在陛下面前表现得节俭朴素，实际上家中有大量珍贵的珠宝文玩，甚至还蓄养了许多绝色美人,0,,,3004,,,,0,
3004,文官早朝,,,此时，你回想起那位老人在为你讲学时，总是衣着朴素而整洁，如同一颗苍松般稳重而挺拔的身影,1,信任张居正，杖刑此臣,"{""NG"":10, ""SW"":-20}",3005,相信大臣，怀疑张居正,"{""NG"":-5}",3005,0,
3005,文官早朝,群臣,大臣2,陛下，值此张居正的斑斑劣迹和狼子野心败露之际，前任文渊阁首辅高拱的遗著《病榻遗言》在民间广为流传，请允许微臣为您传达其中一二,0,,,3006,,,,0,
3006,文官早朝,内阁大学士,大臣3,且慢，书中所著之事，皆为高拱一家之言，此人生前朝中就擅长玩弄权术，且相关事件的亲历者、见证者多已不在人世，还请陛下三思！,0,,,3007,,,,0,
3007,文官早朝,万历,万历,朕自有分寸，众爱卿但言无妨,0,,,3008,,,,0,
3008,文官早朝,高拱,内阁大官黑白,臣在位之时，即对冯保浊乱朝政的种种行为有所察觉。他不仅卖官鬻爵，还利用职务之便久久站在龙椅边不肯退下，接受百官叩头朝拜，此乃宦官僭越职权，图谋篡权之铁证！,0,,,3009,,,,0,这个高拱头像可以黑白吗哈哈哈；好的哈哈哈
3009,文官早朝,,,此时你回想起自己还未登基之时，冯保寸步不离地照料你，抱着你在皇宫中奔走的场景,1,信任冯保，无动于衷,"{""NG"":10, ""SW"":-20}",3010,相信高拱，记下此事,"{""NG"":-5}",3010,0,
3010,文官早朝,高拱,内阁大官黑白,臣当年上奏指出冯保十余条罪状，却先被冯保下了毒手，他同谋张居正诬陷臣对陛下不敬，但臣当年只是说陛下年轻怕如正德皇帝一般为宦官所误，应当以史为鉴，疏远奸臣，所谓证言皆是将臣的言辞歪曲构陷！,0,,,3011,,,,0,
3011,文官早朝,,,此时你回想起年幼时手把手教自己批阅奏折的冯保和帮你票拟的张居正。他们是向自己传达宫内外的情报并加以处理，还是在公报私仇、谋取大权？,1,信任张居正和冯保，无动于衷,"{""NG"":10, ""SW"":-5}",3012,相信高拱，记下此事,"{""NG"":-10}",3012,0,
3012,文官早朝,高拱,内阁大官黑白,陛下可曾记得“王大人”一案？当年皇宫门口出现的刺客，乃是戚继光麾下人员，收下冯保张居正二人报酬才谎称是臣所派遣，他们的阴谋因为清正廉洁的审讯官员不愿苟同二败露，便杀王大臣灭口，此事不了了之正是二人结党营私谋取大权的铁证！,0,,,3013,,,,0,
3013,文官早朝,,,此时你回想起，好像确有此案，即使你想去调查卷宗，此等大案也只写了刺客携带武器一事，没有其他任何记载，十分诡异,1,信任张居正和冯保，杖刑大臣,"{""NG"":10, ""SW"":-10}",3014,相信高拱，下令严查此事,"{""NG"":-10}",3014,0,
3014,文官早朝,司礼监宦官,普通太监,冯保和张居正结党营私，收受大量贿赂，数以亿计，甚至在张居正去世之日从张家取走大量珠宝,0,,,3015,,,,0,
3015,文官早朝,,,此时你回想起自己还未登基之时，冯保寸步不离地照料你，抱着你在皇宫中奔走的场景,1,信任张居正和冯保，杖刑此宦官,,3016,相信宦官，查处冯保,"{""NG"":-10, ""SW"":-1}",3017,0,这里不干掉冯保就死了
3016,文官早朝,,,你相信冯保不会贪污腐败，他成为了清算张居正运动中的最大阻碍。随着冯保劣迹被爆出，朝廷内外充满了皇帝昏庸、宦官乱政的言论,0,,"{""SW"":-90}",3018,,,,0,
3017,文官早朝,,,你下诏宣布冯保十二项罪名，但没有处以极刑，将他发配南京软禁，没收大量财产。检举他的太监顶替了冯保的位置,0,,,3018,,,,0,
3018,文官早朝,群臣,大臣4,张居正上下其手，出于个人恩怨，攘夺府邸，蒙蔽圣聪，废除辽王，乃是侵犯皇室谋取利益的行为，罪无可赦,1,信任张居正，不深入此事,"{""NG"":10, ""SW"":-10}",3019,相信检举，深入调查此事,"{""NG"":-10, ""SW"":1}",3019,0,
3019,文官早朝,群臣,大臣5,张居正早有谋权篡位虎狼之心，一方面他一手提携的戚继光手下有独立军队，另一方面他在身边小人吹嘘他为伊尹再世的时候笑而不语，伊尹正是历史上认为皇帝愚钝就取皇位而代之之人！臣请奏即刻没收张家家产，诛其九族！,1,信任张居正，留下张家,"{""NG"":10, ""SW"":-10}",3020,相信检举，对张家抄家充公,"{""NG"":-10, ""SW"":1}",3020,0,
3020,文官早朝,内阁大学士申时行,内阁大官,张居正固然有罪，倘若没收全部家产、流放张家所有子弟，张居正上有孤寡老母无人赡养，臣恳请为张家留下空宅一所田地若干作为赡养，以示皇恩浩荡！,1,同意申时行，赡养张母,"{""SW"":2}",3097,拒绝请求，惩罚申时行，流放张家全家,"{""NG"":-5}",3021,0,
3097,文官早朝,万历,万历,唉，就如卿所言，留给张家老母一宅一田吧。,0,,,3098,,,,0,
3098,文官早朝,内阁大学士申时行,内阁大官,陛下圣明，陛下圣明啊！,0,,,3021,,,,0,
3099,文官早朝,万历,万历,混账！张家十恶不赦，图谋篡位，当诛九族！,0,,,3021,,,,0,
3021,文官早朝,,,朝野内外充满了批判张居正的奏章、言论和游行，对你来说这对张居正的清算也已经无法回头了。张居正的政绩、对你的教育和辅佐都是不可否认的，也许他在你心中的形象已经染满了斑斑劣迹，也许依然是那位衣着整洁、睿智慈祥的老人，但你需要给朝臣、给人民一个交代。你宣布了他侵夺亲王府邸的罪行，没收了他的大部分家产，将他的弟弟、儿子发配充军。倒张运动就此平息，首辅张居正的时代结束了。,0,,,3022,,,,0,
3022,文官早朝,,,离开了冯保和张居正，你仿佛觉得自己成长了许多，身边没有了他们，你好像真正掌握了皇权。然而，真的是这样吗？,0,,,4000,,,,1,ss28-60
4000,三皇子出生,,,第四章——国本之争,0,,,4001,,,,0,Chap 4
4001,早朝,,,文渊阁的大学士大多是张居正一手提拔起来的，清算张居正的运动中，这些大学士也成为了众矢之的。其中只有为人处事中庸的申时行有能力也有声望能承担首辅的重任。此时的他正在大峪山监督万历的陵墓施工。,0,,,4101,,,,0,
4101,早朝,李植,大臣1,皇上，大峪山地基不平，实在是不适合建陵寝，礼部尚书徐学谟挑了这样一块地给您，实在是居心叵测啊,0,,,4102,,,,0,
4102,早朝,江东之,大臣8,徐学谟是申时行的亲家，这两个人选址玩忽职守，不能不罚啊,0,,,4103,,,,0,
4103,早朝,万历,万历,内阁大臣是辅佐政务的，你们以为他是风水先生吗？,0,,,4104,,,,0,
4104,早朝,李植,大臣1,连这点事都办不好，让皇上您被世人笑话，还配在内阁当差吗？,0,,,4105,,,,0,
4105,早朝,万历,万历,地方是朕挑的，难道朕连这点权力都没有了吗？找你们这些言官，不是让你们整日不办正事，四处说闲话的！,0,,,14001,,,,1,
4201,书房申时行,,,申时行和万历在书房讨论时事,0,,,4202,,,,0,
4202,书房申时行,申时行,内阁大官,皇上，这件事您还得忍着，要是重罚了卢洪春这些人，岂不是正中下怀，反倒成全了他们的名节？,0,,,4203,,,,0,
4203,书房申时行,万历,万历,朕要是不罚，难道不更是坐实了他们这些千奇百怪的指控？,0,,,4204,,,,0,
4204,书房申时行,申时行,内阁大官,这些言官动辄造谣生事，大家都是有目共睹的，您要是不跟他们一般见识，您的德行也就不言自明了。,1,宽恕卢洪春,"{""NG"":10, ""SW"":5}",4298,重处卢洪春,"{""NG"":-5, ""SW"":-5}",4299,0,
4298,书房申时行,万历,万历,卿所言有理。就让他自己狺狺狂吠吧,0,,,4205,,,,0,
4299,书房申时行,万历,万历,混账，朕日理万机，岂是他一介草民能指摘的？下令杖刑卢洪春！,0,,,4206,,,,0,
4205,书房申时行,万历,万历,说的也是，和他计较损了朕的气度,0,,,4301,,,,0,
4206,书房申时行,申时行,内阁大官,这种奏本可千万不能公之于众啊，臣传谕大理寺免了他的职，这件事就到此为止吧,0,,,4301,,,,1,
4301,三皇子出生,,,德妃郑氏生下三皇子，宫中顿时充满了快活的空气,0,,,4302,,,,0,
4302,三皇子出生,产婆,产婆,恭喜皇上喜得皇子，德妃娘娘身体也无碍。,0,,,4303,,,,0,
4303,三皇子出生,万历,万历,朕今日得子喜庆，命户部取银十五万两，举办庆典，赏赐朝臣。,0,,,4304,,,,0,
4304,三皇子出生,德妃,德妃,皇上如此劳民伤财，恐怕要引得朝臣议论纷纷啊。,0,,,4305,,,,0,
4305,三皇子出生,万历,万历,朕得了龙子实在是高兴，赏赐众臣又有什么不妥？,0,,,4306,,,,0,
4306,三皇子出生,德妃,德妃,进来灾祸频发，皇上还是要注意修身自省啊,0,,,4307,,,,0,
4307,三皇子出生,万历,万历,朕心中有数。传旨下去，三皇子取名朱常洵，册封德妃郑氏为皇贵妃。,0,,,4401,,,,1,
4401,文官早朝,,,一日早朝，文渊阁一众大学士前来上奏,0,,,4402,,,,0,
4402,文官早朝,申时行,内阁大官,皇上，皇长子朱常洛诞生至今已经五年了，现在宗室子弟众多，您又刚刚喜得三皇子，正是要正分位、定国本的时候啊，请您选个良辰吉日，安排礼部早日定下储君吧，这也是朝中百官和天下百姓共同的心愿。,0,,,4403,,,,0,
4403,文官早朝,万历,万历,"皇长子朱常洛年纪尚小，近来又身体虚弱，也不急于一时，朕也是六岁才被先皇册立。",0,,,4404,,,,0,
4404,文官早朝,申时行,内阁大官,立储之事一拖再拖实在不是长久之计啊。,0,,,4405,,,,0,
4405,文官早朝,万历,万历,申首辅，立储是国之根本朕又何尝不知呢？,0,,,4406,,,,0,
4406,文官早朝,大学士姜应辚,大臣4,皇上，德妃郑氏虽然贤惠大方，但所生的只是皇三子，恭妃王氏生下皇长子，承祖继业，反倒要居于郑氏之下，在伦理上实在是难以服众啊，恳请您收回成命，先进封王氏，再封郑氏，立皇长子为东宫，以定天下之本。,0,,,4407,,,,0,
4407,文官早朝,万历,万历,你们这是觉得朕要废长立幼，坏了祖宗制度吗？,0,,,4408,,,,0,
4408,文官早朝,申时行,内阁大官,皇上，姜大人并没有这个意思，只是担忧东宫之事心切......,0,,,4409,,,,0,
4409,文官早朝,万历,万历,"我朝立皇太子自有法度，朕哪里敢因为独断专行破坏伦常？朕生气不是因为你们催促东宫之事，而是你们妄自揣摩、随意编排朕的心思，只为标榜自己正直敢言！
",0,,,4410,,,,0,
4410,文官早朝,大学士姜应辚,大臣4,臣绝无此意啊！,0,,,4411,,,,0,
4411,文官早朝,大学士孙如法,大臣5,皇上，臣等绝非妄自揣度圣意，郑贵妃殊荣于皇子出生之日，然而恭妃五年却毫无所得，天下之人不能不怀疑啊！,0,,,4412,,,,0,
4412,文官早朝,万历,万历,够了！你们朝堂之上如此咄咄逼人，眼里还有没有朕这个皇帝？退朝！,0,,,4501,,,,1,
4501,书房申时行,,,书房，万历在阅读奏章，申时行请求觐见,0,,,4502,,,,0,
4502,书房申时行,申时行,内阁大官,皇上，皇长子身体欠佳，册立之事暂缓也是情理之中，但皇长子九岁，三皇子也已经五岁，至今还尚未出宫读书，却是为时太晚，还是应当尽早安排讲官。,0,,,4503,,,,0,
4503,书房申时行,万历,万历,嗯，读书不能怠慢，你命人去安排就是。,0,,,4504,,,,0,
4504,书房申时行,申时行,内阁大官,皇长子龙姿凤表，聪明非凡，如此美玉要是早加雕琢，定然能成大器。,0,,,4505,,,,0,
4505,书房申时行,万历,万历,其实贵妃也劝过朕早立太子，以免外人猜疑，这肯定是迟早的事啊。,0,,,4601,,,,1,
4601,大学士请辞,,,一日早朝，文渊阁一众大学士前来上奏,0,,,4602,,,,0,
4602,大学士请辞,大学士王锡爵,大臣7,"皇上，内阁事务繁多冗杂，臣才智不足，实在是无能处理，恳请辞去大学士一职。",0,,,4603,,,,0,
4603,大学士请辞,大学士许国,大臣1,皇上，臣近日身体抱恙，恳请回乡修养。,0,,,4604,,,,0,
4604,大学士请辞,大学士申时行,内阁大官,"老臣年事已高，身子骨着实一年不如一年了，内阁的事务还是交给年轻人多历练吧。",0,,,4605,,,,0,
4605,大学士请辞,大学士王家屏,大臣9,家中老父病重，臣为人子不能不尽孝啊，恳请辞去大学士一职。,0,,,4606,,,,0,
4606,大学士请辞,万历,万历,内阁总共就四个大学士，你们如今一同请辞到底是什么意思？,0,,,4607,,,,0,
4607,大学士请辞,大学士王锡爵,大臣7,"是臣等无能，册封太子立国本的事这些年都不能帮皇上分忧，实在是愧对这个官位。",0,,,4608,,,,0,
4608,大学士请辞,万历,万历,册立太子的事情朕已经有了旨意，你们不必担心，朕一定会给天下一个交代。,1,答应册立皇长子为太子,"{""NG"":10}",4609,为皇三子争取,"{""NG"":-10,""SW"":-30}",4611,0,
4609,大学士请辞,万历,万历,就立老大当太子吧，礼部即日开始准备册封大典。,0,,,4610,,,,0,
4610,大学士请辞,群臣,大臣7,陛下圣明，陛下圣明啊！,0,,,5000,,,,1,
4611,大学士请辞,万历,万历,只是他们还年轻，还要再读读书,0,,,4612,,,,0,
4612,大学士请辞,群臣,大臣7,陛下······陛下······唉！,0,,,5000,,,,1,
5000,宁夏投降,,,第五章——万历三大征,0,,,5001,,,,0,
5001,武官早朝,,,张居正死后，蓟州总兵戚继光被弹劾罢免，左迁广东总兵，失去了拱卫帝都的重要地位，他消沉郁闷，呈请退休，最终病逝在山东老家，临终前慨叹“三十年间，先后南北、水陆、大小百余战，未尝一败”，而大明王朝，也因为失去坚实的壁垒危机四伏,0,,"{""JS"":-10}",5101,,,,0,
5101,武官早朝,武官,武官1,皇上！宁夏哱拜起兵造反，已经攻下镇城，巡抚党馨、督粮道兵备副史石继芳都被叛军所杀，总兵官张维忠也被挟持。,0,,,5102,,,,0,
5102,武官早朝,万历,万历,兵部是谁在总督宁夏军务？,0,,,5103,,,,0,
5103,武官早朝,武官,武官1,是尚书魏学曾大人，魏大人上奏说已经差人前去劝降。,0,,,5104,,,,0,
5104,武官早朝,万历,万历,让他尽快驰援宁夏，捉拿逆党，前线状况随时上奏。,0,,,5105,,,,0,
5105,武官早朝,武官,武官1,臣遵旨。,0,,,5201,,,,1,
5201,武官早朝,武官,武官1,叛军刘东旸拒不投降，在城中自称总兵，听从哱拜主使，誓与明军对抗到底。目前已分兵进攻宁夏各地，多地官兵溃退，目前正联合河套部意图横渡黄河，进军灵州。,0,,,5202,,,,0,
5202,武官早朝,兵部尚书魏学曾,武官2,皇上，臣已派遣游击吴显前往灵州，张奇沿河布兵，阻止叛军渡河与河套部联合。但宁夏镇内外敌军众多，需要粮饷、兵马支援。,1,批准,"{""SS"":-10}",5299,搁置,"{""JS"":-10}",15001,1,
5299,武官早朝,兵部,大臣3,皇上，辽东前线发来急报！,0,,,15001,,,,1,
5203,文官早朝,,,一日早朝······,0,,,5204,,,,0,
5204,文官早朝,兵部石星,大臣2,"皇上，目前宁夏战争已经耗费了大量兵力粮饷，不能再派那么多兵力去支援朝鲜了啊",0,,,5205,,,,0,
5205,文官早朝,辽东副总兵祖承训,武官3,臣以为，可以从暹罗走海路，出其不意攻击倭寇巢穴,0,,,5206,,,,0,
5206,文官早朝,兵部宋应昌,大臣1,臣有一计，如今调派军队确实紧张，但可以制造火炮、弓弩、轰雷等物件摆成长阵，足以退敌,1,拨款给宋应昌建设防御,"{""SS"":-10}",5301,调集军队走海路,"{""SS"":-10,""JS"":-10}",5301,1,
5301,武官早朝,,,一日早朝······,0,,,5302,,,,0,
5302,武官早朝,武官,武官1,叛军日渐猖狂，四处劫掠，宁夏各地百姓怨声载道啊,0,,,5303,,,,0,
5303,武官早朝,兵部石星,大臣2,皇上，宁夏叛军不仅仅是哱拜等人的残部，还有原本的戍边官兵，臣认为应该招抚大于武力，否则即使解决了眼前的问题，对边防也不利啊,0,,,5304,,,,0,
5304,武官早朝,兵部梅国桢,大臣9,皇上，宁夏局势危急，魏学曾一味劝降只会贻误战机，臣以为，应当重新派人提督军务，征讨哱拜,0,,,5305,,,,0,
5305,武官早朝,兵部叶梦熊,武官2,皇上，末将请战,0,,,5306,,,,0,
5306,武官早朝,兵部涂杰,大臣7,总兵官李如松是名将李成梁之子，颇有才略，臣觉得可以让他提督宁夏军务,0,,,5307,,,,0,
5307,武官早朝,兵部叶梦熊,武官2,皇上，李氏手握重兵，若是派李如松前去恐怕养虎为患啊,1,派遣石星前去配合魏学曾招抚叛军,"{""JS"":-10}",5401,撤换魏学曾，派遣叶梦熊、李如松带兵平叛,"{""SS"":-10}",5401,1,
5401,宁夏投降,,,叶梦熊兵分五路封锁镇城，配合石星凿坝水攻的计策，叛军困守孤城粮草已尽，只能杀马充饥，城内居民吃树皮草根为生，城中已是尸横遍野，百姓、士兵纷纷要求弃城投降。李如松调集辽东、大同、山西等地军队，强攻宁夏镇城，已将叛军歼灭，哱拜自缢，哱承恩被俘。,0,,,5402,,,,0,
5402,宁夏投降,,,宁夏叛军投降,0,,,5403,,,,0,
5403,战况汇报,兵部宋应昌,大臣1,"我军重创倭寇，斩倭1250人、烧毁倭船120艘，丰臣秀吉差人谈判，表示可以将平壤、王京送给我朝。倭寇似有投降之意，臣觉得可以先行撤军，接受平壤、王京之后再送还给朝鲜。",0,,,5405,,,,0,
5405,战况汇报,兵部石星,大臣2,皇上，倭寇阴险狡诈，这其中可能有问题，您一定要谨慎啊！不如派李如松大人率军东渡，以防不测。,1,接受投降,"{""SS"":10,""JS"":-10}",5501,怀疑有诈，派军驻守以防万一,"{""SS"":-10}",5501,1,
5501,战术讨论,,,你正在查看播州地图,0,,,5502,,,,0,
5502,战术讨论,武官,武官1,皇上，杨应龙在播州地界兴风作浪，但您念及他诚心悔过，又自请东援朝鲜戴罪立功，就暂且不予追究，可谁知这歹人近来又愈发猖獗，都御史王继光与总兵官刘承嗣等人前去征讨，几乎全军覆没。,0,,,5503,,,,0,
5503,战术讨论,林乔相,武官3,贵州如今粮饷有限，军民困窘，此时出兵劳民伤财，况且播州原本是四川管辖的地界，应该由四川直接出兵，从贵州出兵只是白白绕远，贻误战机啊。,0,,,5504,,,,0,
5504,战术讨论,谭希思,武官2,播州虽然是四川的辖区，但杨应龙的军队都是从贵州获取兵马、粮饷，只有贵州、四川同舟共济，才能革除奸佞。,0,,,5505,,,,0,
5505,战术讨论,万历,万历,你们这样互相推诿成何体统？杨应龙负隅顽抗罪无可赦，四川、贵州立刻整备军队，协力抗敌。,0,,,5601,,,,1,
5601,战况汇报,武官,武官1,丰臣秀吉诈降，假意撤出平壤、王京之后又重新进攻，李如松借用平壤地势，声东击西，派吴惟忠佯攻牡丹峰，祖承训潜伏西南出其不意攻入，取得平壤大捷。,0,,,5602,,,,0,
5602,战况汇报,武官李如松,武官4,皇上，朝鲜国王提出议和，如今天气日渐炎热多雨，火器潮湿无法使用，主力大军作战也会越来越艰难，不如就此作罢？,1,同意议和，要求倭寇发誓永不再犯朝鲜,,5604,继续进攻,"{""SS"":-10,""JS"":-10}",5603,0,
5603,战况汇报,,,主力大军累月征战，粮饷、体力都愈发不支，强攻王京多次败退,0,,,5604,,,,1,
5604,杨应龙请罪,,,邢玠率军前往播州，已剪除杨氏党羽，劝降杨应龙。杨应龙膝行叩头请罪，愿出资四万两白银，并将自己的次子杨可栋押送重庆作为人质。,1,接受投降,,5606,不接受,"{""SS"":-10,""JS"":-10}",5605,0,
5605,杨应龙请罪,,,支援朝鲜已经耗去大量人力物力，朝中已经没有更多军队能够派去播州继续作战,0,,,5606,,,,1,
5606,烧毁倭船,,,"丰臣秀吉重新进攻朝鲜，占据朝鲜南海，舟师以待，邢玠率军两方夹攻，倭寇节节败退。七月初九，丰臣秀吉突然去世，日军一时大乱，水师提督陈璘把守重要海口防止日军逃跑，同时发起总攻，共击沉船九百余艘，烧死日将义弘，全歼日本水军，斩获南海大捷。",0,,"{""SS"":-10}",5510,,,,1,
5510,战术讨论,兵部石星,大臣2,杨应龙之子杨可栋在重庆逝世，杨应龙拉拢苗人，拥兵东山再起，在贵州、湖广四十七屯阻塞驿站、无恶不作。四川、贵州巡抚已经统兵进剿杨应龙，在飞练堡初获小胜。,0,,,5511,,,,0,
5511,战术讨论,武官杨国柱,武官1,杨应龙逃往天邦囤，臣等即刻整装追击。,1,加派援兵,"{""SS"":-10}",5512,命杨国柱继续追击,"{""JS"":-10}",5513,0,
5512,战术讨论,,,杨应龙趁我军尚未集结，先发制人，举八万大军进犯綦江城，守城官兵败退，杨应龙进城屠戮，惨绝人寰,0,,,5513,,,,0,
5513,战术讨论,,,杨应龙先前逃跑只是使计，引诱官军深入，杨国柱等人中了埋伏已经阵亡，杨应龙进犯綦江城，无恶不作,0,,,5515,,,,1,
5515,击败杨应龙,,,总督李化龙持尚方宝剑，征广西各地土司兵共伐杨应龙，河南、山东、天津、云南等地奉旨调集的援兵也先后到达，李化龙兵分八道进攻，杨应龙节节败退，自知身陷绝境，上吊自缢。,0,,,6000,,,,0,
6000,明定陵,,,第六章——尾声,0,,,6001,,,,,
6001,后金,,,努尔哈赤统一女真部落，在赫图阿拉建国，年号天命，自称天命汗，假借通商之名进攻抚顺，又声东击西攻下清河。,0,,,6002,,,,,结局（后金地图）
6002,后金,,,明朝派遣四路军队，一同进攻赫图阿拉，然而北路、西路战力不敌，辽东一路在萨尔浒遭遇伏击，南路军队到达时，其他三路已经全军覆没。,0,,,6003,,,,,（明军被伏击）
6003,后金,,,熊廷弼前往抚顺，全力巩固防御，又派遣游击队频繁骚扰努尔哈赤，辽东局势勉强稳定了下来，而此时的万历已经是奄奄一息,0,,,7000,,,,,（熊廷弼在抚顺建设防御工事）
7000,明定陵,,,万历皇帝在位四十八年，最终病逝，尊谥为范天合道哲肃敬简光文章武安仁止孝显皇帝，庙号神宗。然而此时，朝中党羽斗争愈发激烈，日益强大的后金虎视眈眈，风雨飘摇中的王朝又岂是一人之力能够左右呢......,0,,,,,,,,（万历驾崩）
7001,农民起义,,,因为税收过高，百姓无法负担，各地市民运动和农民起义频出，明王朝濒临崩溃。提示：将税收控制在合理的范围。,0,,,,,,,,
7002,外族攻城,,,税收不足，国库空虚，正值边境少数民族入侵，军队缺饷少粮，战力不足难以抵挡，北方、西南大片地区沦陷，明王朝被迫南迁，困守金陵，苦苦支撑。提示：将税收控制在合理的范围。,0,,,,,,,,
7003,外族攻城,,,出征决策失误，一败涂地，明王朝面临叛军和倭寇的巨大威胁，苟延残喘。,0,,,,,,,,
7004,架空皇帝,,,内阁权力过大，独断专行排除异己，皇帝逐渐失去话语权，沦为傀儡。提示：适当限制内阁的权力和威望。,0,,,,,,,,
7005,花天酒地,,,没有了内阁统一有效的管理，官员们得过且过，贪污腐败之风盛行，政令如同泥牛入海，皇帝对朝政失望，终日花天酒地。提示：适当提高内阁的权力和威望。,0,,,,,,,,
7006,拥立亲王,,,用人不当，政令不切实际，百姓和朝臣对皇帝的不满与日俱增，朝廷重臣拥护亲王，打着清君侧的旗号蠢蠢欲动。提示：提高自己在朝廷和百姓间的声望。,0,,,,,,,,
